{
  "test1": 99.99,
  "test2": 1.151,
  "test3": 15.9234,
  "test4": 15.92345,
  "test5": 15.923456,
  "test6": 12345678.87654321
}